Workbook

Sheet Guia_Preguntas
A1: Práctica de Estadística Descriptiva
A2: Empleabilidad en México — caso didáctico con referencia a Veracruz y Playa Vicente
A4: Contexto
A5: Los datos de esta práctica son SIMULADOS y se utilizan únicamente con fines educativos. Las variables están inspiradas en situaciones del mercado laboral mexicano. No representan una encuesta oficial de Playa Vicente.
A9: Preguntas de investigación
A11: 1. ¿Cuál es la edad promedio de las personas de la muestra?
A12: 2. ¿Cuál es el salario mensual promedio de las personas ocupadas?
A13: 3. ¿Cuál es la mediana del salario y qué nos dice?
A14: 4. ¿Cuál es el salario más frecuente (moda)?
A15: 5. ¿Cuál es el salario mínimo y máximo entre las personas ocupadas?
A16: 6. ¿Cuál es el rango de salarios?
A17: 7. ¿Qué tan dispersos son los salarios? Interpreta la desviación estándar.
... A29: Calcular e interpretar medidas de tendencia central y dispersión, construir tablas de frecuencia y seleccionar gráficas adecuadas. La actividad enfatiza que calcular no es lo mismo que interpretar.

Sheet Base_Datos
A1: Base de datos simulada — Empleabilidad
A3: ID | B3: Edad | C3: Escolaridad | D3: Experiencia (años) | E3: Situación laboral | F3: Tipo de empleo | G3: Salario mensual (MXN)
A4: 1 | B4: 20 | C4: Licenciatura | D4: 0 | E4: Desempleado | F4: Sin empleo | G4: 0
A5: 2 | B5: 39 | C5: Bachillerato | D5: 19 | E5: Empleado formal | F5: Gobierno | G5: 18100
A6: 3 | B6: 21 | C6: Licenciatura | D6: 0 | E6: Independiente | F6: Comercio | G6: 6900
A7: 4 | B7: 30 | C7: Bachillerato | D7: 7 | E7: Desempleado | F7: Sin empleo | G7: 0
A8: 5 | B8: 26 | C8: Licenciatura | D8: 0 | E8: Independiente | F8: Comercio | G8: 8500
A9: 6 | B9: 45 | C9: Licenciatura | D9: 21 | E9: Desempleado | F9: Sin empleo | G9: 0
A10: 7 | B10: 42 | C10: Bachillerato | D10: 17 | E10: Empleado formal | F10: Organización | G10: 18500
A11: 8 | B11: 18 | C11: Técnico | D11: 0 | E11: Desempleado | F11: Sin empleo | G11: 0
A12: 9 | B12: 35 | C12: Licenciatura | D12: 15 | E12: Empleado informal | F12: Servicios | G12: 17000
A13: 10 | B13: 25 | C13: Técnico | D13: 0 | E13: Empleado informal | F13: Negocio familiar | G13: 3700
A14: 11 | B14: 41 | C14: Bachillerato | D14: 20 | E14: Empleado informal | F14: Negocio familiar | G14: 19300
A15: 12 | B15: 28 | C15: Licenciatura | D15: 5 | E15: Empleado formal | F15: Empresa privada | G15: 14900
... A103: 100 | B103: 20 | C103: Bachillerato | D103: 0 | E103: Empleado informal | F103: Negocio familiar | G103: 4300

Sheet Resumen_Estadistico
A1: Resumen estadístico
A3: Media de edad (años) | B3: =AVERAGE(Base_Datos!B4:B103) | D3: Notas del modelo
A4: Mediana de edad (años) | B4: =MEDIAN(Base_Datos!B4:B103) | D4: El salario $0 corresponde a personas desempleadas.
A5: Moda de edad (años) | B5: =MODE.SNGL(Base_Datos!B4:B103) | D5: Las medidas salariales se calculan solo con personas ocupadas.
A6: Edad mínima | B6: =MIN(Base_Datos!B4:B103) | D6: Los datos son simulados para enseñanza.
A7: Edad máxima | B7: =MAX(Base_Datos!B4:B103) | D7: Hay algunos salarios altos para observar el efecto de valores extremos.
A8: Rango de edad | B8: =MAX(Base_Datos!B4:B103)-MIN(Base_Datos!B4:B103)
A9: Media salarial de ocupados (MXN) | B9: =AVERAGEIF(Base_Datos!G4:G103,">0",Base_Datos!G4:G103)
A10: Mediana salarial de ocupados (MXN) | B10: =MEDIAN(FILTER(Base_Datos!G4:G103,Base_Datos!G4:G103>0))
A11: Moda salarial de ocupados (MXN) | B11: =MODE.SNGL(FILTER(Base_Datos!G4:G103,Base_Datos!G4:G103>0))
A12: Salario mínimo de ocupados (MXN) | B12: =MINIFS(Base_Datos!G4:G103,Base_Datos!G4:G103,">0")
A13: Salario máximo de ocupados (MXN) | B13: =MAX(Base_Datos!G4:G103)
A14: Rango salarial de ocupados (MXN) | B14: =MAX(Base_Datos!G4:G103)-MINIFS(Base_Datos!G4:G103,Base_Datos!G4:G103,">0")
A15: Varianza salarial muestral | B15: =VAR.S(FILTER(Base_Datos!G4:G103,Base_Datos!G4:G103>0))
A16: Desviación estándar salarial | B16: =STDEV.S(FILTER(Base_Datos!G4:G103,Base_Datos!G4:G103>0))
A17: Coeficiente de variación salarial | B17: =STDEV.S(FILTER(Base_Datos!G4:G103,Base_Datos!G4:G103>0))/AVERAGEIF(Base_Datos!G4:G103,">0",Base_Datos!G4:G103)

Sheet Frecuencias
A1: Tablas de frecuencia
A3: Situación laboral
A4: Categoría | B4: Frecuencia absoluta | C4: Frecuencia relativa | D4: Frecuencia acumulada | E4: % acumulado
A5: Empleado formal | B5: =COUNTIF(Base_Datos!$E$4:$E$103,A5) | C5: =B5/COUNTA(Base_Datos!$A$4:$A$103) | D5: =SUM($B$5:B5) | E5: =SUM($C$5:C5)
A6: Empleado informal | B6: =COUNTIF(Base_Datos!$E$4:$E$103,A6) | C6: =B6/COUNTA(Base_Datos!$A$4:$A$103) | D6: =SUM($B$5:B6) | E6: =SUM($C$5:C6)
A7: Independiente | B7: =COUNTIF(Base_Datos!$E$4:$E$103,A7) | C7: =B7/COUNTA(Base_Datos!$A$4:$A$103) | D7: =SUM($B$5:B7) | E7: =SUM($C$5:C7)
A8: Desempleado | B8: =COUNTIF(Base_Datos!$E$4:$E$103,A8) | C8: =B8/COUNTA(Base_Datos!$A$4:$A$103) | D8: =SUM($B$5:B8) | E8: =SUM($C$5:C8)
A11: Frecuencia de salarios de personas ocupadas
A12: Intervalo salarial | B12: Frecuencia absoluta | C12: Frecuencia relativa | D12: Frecuencia acumulada | E12: % acumulado
A13: $1–$5,000 | B13: =COUNTIFS(Base_Datos!$G$4:$G$103,">="&1,Base_Datos!$G$4:$G$103,"<="&5000) | C13: =B13/COUNTIF(Base_Datos!$G$4:$G$103,">0") | D13: =SUM($B$13:B13) | E13: =SUM($C$13:C13)
A14: $5,001–$10,000 | B14: =COUNTIFS(Base_Datos!$G$4:$G$103,">="&5001,Base_Datos!$G$4:$G$103,"<="&10000) | C14: =B14/COUNTIF(Base_Datos!$G$4:$G$103,">0") | D14: =SUM($B$13:B14) | E14: =SUM($C$13:C14)
A15: $10,001–$15,000 | B15: =COUNTIFS(Base_Datos!$G$4:$G$103,">="&10001,Base_Datos!$G$4:$G$103,"<="&15000) | C15: =B15/COUNTIF(Base_Datos!$G$4:$G$103,">0") | D15: =SUM($B$13:B15) | E15: =SUM($C$13:C15)
A16: $15,001–$20,000 | B16: =COUNTIFS(Base_Datos!$G$4:$G$103,">="&15001,Base_Datos!$G$4:$G$103,"<="&20000) | C16: =B16/COUNTIF(Base_Datos!$G$4:$G$103,">0") | D16: =SUM($B$13:B16) | E16: =SUM($C$13:C16)
A17: $20,001–$30,000 | B17: =COUNTIFS(Base_Datos!$G$4:$G$103,">="&20001,Base_Datos!$G$4:$G$103,"<="&30000) | C17: =B17/COUNTIF(Base_Datos!$G$4:$G$103,">0") | D17: =SUM($B$13:B17) | E17: =SUM($C$13:C17)
A18: $30,001–$60,000 | B18: =COUNTIFS(Base_Datos!$G$4:$G$103,">="&30001,Base_Datos!$G$4:$G$103,"<="&60000) | C18: =B18/COUNTIF(Base_Datos!$G$4:$G$103,">0") | D18: =SUM($B$13:B18) | E18: =SUM($C$13:C18)
A21: Frecuencia de experiencia
A22: Experiencia | B22: Frecuencia absoluta | C22: Frecuencia relativa | D22: Frecuencia acumulada | E22: % acumulado
A23: 0 | B23: =COUNTIF(Base_Datos!$D$4:$D$103,A23) | C23: =B23/COUNTA(Base_Datos!$A$4:$A$103) | D23: =SUM($B$23:B23) | E23: =SUM($C$23:C23)
A24: 1 | B24: =COUNTIF(Base_Datos!$D$4:$D$103,A24) | C24: =B24/COUNTA(Base_Datos!$A$4:$A$103) | D24: =SUM($B$23:B24) | E24: =SUM($C$23:C24)
A25: 2 | B25: =COUNTIF(Base_Datos!$D$4:$D$103,A25) | C25: =B25/COUNTA(Base_Datos!$A$4:$A$103) | D25: =SUM($B$23:B25) | E25: =SUM($C$23:C25)
A26: 3 | B26: =COUNTIF(Base_Datos!$D$4:$D$103,A26) | C26: =B26/COUNTA(Base_Datos!$A$4:$A$103) | D26: =SUM($B$23:B26) | E26: =SUM($C$23:C26)
A27: 4 | B27: =COUNTIF(Base_Datos!$D$4:$D$103,A27) | C27: =B27/COUNTA(Base_Datos!$A$4:$A$103) | D27: =SUM($B$23:B27) | E27: =SUM($C$23:C27)
A28: 5 | B28: =COUNTIF(Base_Datos!$D$4:$D$103,A28) | C28: =B28/COUNTA(Base_Datos!$A$4:$A$103) | D28: =SUM($B$23:B28) | E28: =SUM($C$23:C28)
A29: 6 | B29: =COUNTIF(Base_Datos!$D$4:$D$103,A29) | C29: =B29/COUNTA(Base_Datos!$A$4:$A$103) | D29: =SUM($B$23:B29) | E29: =SUM($C$23:C29)
A30: 7 | B30: =COUNTIF(Base_Datos!$D$4:$D$103,A30) | C30: =B30/COUNTA(Base_Datos!$A$4:$A$103) | D30: =SUM($B$23:B30) | E30: =SUM($C$23:C30)
A31: 8 | B31: =COUNTIF(Base_Datos!$D$4:$D$103,A31) | C31: =B31/COUNTA(Base_Datos!$A$4:$A$103) | D31: =SUM($B$23:B31) | E31: =SUM($C$23:C31)
A32: 9 | B32: =COUNTIF(Base_Datos!$D$4:$D$103,A32) | C32: =B32/COUNTA(Base_Datos!$A$4:$A$103) | D32: =SUM($B$23:B32) | E32: =SUM($C$23:C32)
A33: 10 | B33: =COUNTIF(Base_Datos!$D$4:$D$103,A33) | C33: =B33/COUNTA(Base_Datos!$A$4:$A$103) | D33: =SUM($B$23:B33) | E33: =SUM($C$23:C33)

Sheet Intervalos
A1: Distribución de salarios por intervalos
A3: Intervalo | B3: Límite inferior | C3: Límite superior | D3: Frecuencia
A4: $1–$5,000 | B4: 1 | C4: 5000 | D4: =COUNTIFS(Base_Datos!$G$4:$G$103,">="&B4,Base_Datos!$G$4:$G$103,"<="&C4)
A5: $5,001–$10,000 | B5: 5001 | C5: 10000 | D5: =COUNTIFS(Base_Datos!$G$4:$G$103,">="&B5,Base_Datos!$G$4:$G$103,"<="&C5)
A6: $10,001–$15,000 | B6: 10001 | C6: 15000 | D6: =COUNTIFS(Base_Datos!$G$4:$G$103,">="&B6,Base_Datos!$G$4:$G$103,"<="&C6)
A7: $15,001–$20,000 | B7: 15001 | C7: 20000 | D7: =COUNTIFS(Base_Datos!$G$4:$G$103,">="&B7,Base_Datos!$G$4:$G$103,"<="&C7)
A8: $20,001–$30,000 | B8: 20001 | C8: 30000 | D8: =COUNTIFS(Base_Datos!$G$4:$G$103,">="&B8,Base_Datos!$G$4:$G$103,"<="&C8)
A9: $30,001–$60,000 | B9: 30001 | C9: 60000 | D9: =COUNTIFS(Base_Datos!$G$4:$G$103,">="&B9,Base_Datos!$G$4:$G$103,"<="&C9)

Sheet Conceptos
A1: Conceptos estadísticos utilizados
A3: Concepto | B3: Qué significa | C3: Aplicación en este ejercicio
A4: Media | B4: Promedio de los datos. | C4: Salario promedio de las personas ocupadas.
A5: Mediana | B5: Valor central cuando los datos están ordenados. | C5: Permite comparar el salario típico con la media.
A6: Moda | B6: Valor o categoría que aparece con mayor frecuencia. | C6: Salario más frecuente o situación laboral más frecuente.
A7: Rango | B7: Máximo menos mínimo. | C7: Muestra la amplitud de los salarios.
A8: Varianza | B8: Mide la dispersión mediante desviaciones al cuadrado. | C8: Permite cuantificar qué tan dispersos están los salarios.
A9: Desviación estándar | B9: Mide la dispersión en las mismas unidades. | C9: Se interpreta en pesos para los salarios.
A10: Coeficiente de variación | B10: Desviación estándar dividida entre la media. | C10: Mide la dispersión relativa de los salarios.
A11: Frecuencia absoluta | B11: Número de observaciones. | C11: Cuántas personas pertenecen a cada categoría o intervalo.
A12: Frecuencia relativa | B12: Proporción o porcentaje del total. | C12: Qué porcentaje representa cada categoría.
A13: Frecuencia acumulada | B13: Suma progresiva de las frecuencias. | C13: Cuántas personas llevamos hasta cierto valor o intervalo.
A14: Histograma | B14: Representa la distribución de una variable cuantitativa. | C14: Distribución de salarios.
... A17: Dispersión | B17: Muestra la relación visual entre dos variables cuantitativas. | C17: Experiencia laboral vs. salario.

Sheet Graficas
A1: Gráficas — Empleabilidad
J37: Experiencia | K37: Salario promedio
J38: 0 | K38: =IFERROR(AVERAGEIFS(Base_Datos!$G$4:$G$103,Base_Datos!$D$4:$D$103,J38,Base_Datos!$G$4:$G$103,">0"),0)
J39: 1 | K39: =IFERROR(AVERAGEIFS(Base_Datos!$G$4:$G$103,Base_Datos!$D$4:$D$103,J39,Base_Datos!$G$4:$G$103,">0"),0)
J40: 2 | K40: =IFERROR(AVERAGEIFS(Base_Datos!$G$4:$G$103,Base_Datos!$D$4:$D$103,J40,Base_Datos!$G$4:$G$103,">0"),0)
J41: 3 | K41: =IFERROR(AVERAGEIFS(Base_Datos!$G$4:$G$103,Base_Datos!$D$4:$D$103,J41,Base_Datos!$G$4:$G$103,">0"),0)
J42: 4 | K42: =IFERROR(AVERAGEIFS(Base_Datos!$G$4:$G$103,Base_Datos!$D$4:$D$103,J42,Base_Datos!$G$4:$G$103,">0"),0)
J43: 5 | K43: =IFERROR(AVERAGEIFS(Base_Datos!$G$4:$G$103,Base_Datos!$D$4:$D$103,J43,Base_Datos!$G$4:$G$103,">0"),0)
J44: 6 | K44: =IFERROR(AVERAGEIFS(Base_Datos!$G$4:$G$103,Base_Datos!$D$4:$D$103,J44,Base_Datos!$G$4:$G$103,">0"),0)
J45: 7 | K45: =IFERROR(AVERAGEIFS(Base_Datos!$G$4:$G$103,Base_Datos!$D$4:$D$103,J45,Base_Datos!$G$4:$G$103,">0"),0)
J46: 8 | K46: =IFERROR(AVERAGEIFS(Base_Datos!$G$4:$G$103,Base_Datos!$D$4:$D$103,J46,Base_Datos!$G$4:$G$103,">0"),0)
J47: 9 | K47: =IFERROR(AVERAGEIFS(Base_Datos!$G$4:$G$103,Base_Datos!$D$4:$D$103,J47,Base_Datos!$G$4:$G$103,">0"),0)
J48: 10 | K48: =IFERROR(AVERAGEIFS(Base_Datos!$G$4:$G$103,Base_Datos!$D$4:$D$103,J48,Base_Datos!$G$4:$G$103,">0"),0)

Sheet Guia_Excel
A1: Guía rápida para trabajar en Excel
A3: 1. Empieza en Base_Datos y observa las 100 personas.
A4: 2. Cambia algunos datos si quieres experimentar y observa qué sucede.
A5: 3. En Resumen_Estadistico compara media, mediana, moda, rango, varianza y desviación estándar.
A6: 4. En Frecuencias observa frecuencia absoluta, relativa y acumulada.
A7: 5. En Intervalos observa cómo agrupar muchos salarios facilita la interpretación.
A8: 6. En Graficas compara barras, circular, distribución, frecuencia acumulada y dispersión.
A9: 7. Para interpretar: no basta decir el número; explica qué significa para las personas de la muestra.
A10: 8. Las medidas salariales excluyen a las personas desempleadas porque su salario registrado es $0.

Sheet Preguntas_Respuestas
A1: Preguntas de investigación y respuestas
A3: Pregunta | B3: Respuesta / cálculo | C3: Interpretación | D3: Concepto
A4: 1. ¿Cuál es la edad promedio de las personas de la muestra? | B4: Media de edad = 30.24 años. | C4: En promedio, las personas de la muestra tienen aproximadamente esa edad. | D4: Media
A5: 2. ¿Cuál es el salario mensual promedio de las personas ocupadas? | B5: Salario promedio de ocupados = $14,344.26 MXN. | C5: Representa el ingreso mensual promedio de las personas que tienen un salario mayor que cero. | D5: Media
A6: 3. ¿Cuál es la mediana del salario y qué nos dice? | B6: Mediana salarial = $13,900.00 MXN. | C6: La mitad de los ocupados gana hasta ese valor y la otra mitad gana al menos ese valor. | D6: Mediana
A7: 4. ¿Cuál es el salario más frecuente (moda)? | B7: Moda salarial = $18,100 MXN. | C7: Es el salario que aparece con mayor frecuencia en la muestra de ocupados. | D7: Moda
A8: 5. ¿Cuál es el salario mínimo y máximo entre las personas ocupadas? | B8: Mínimo = $3,700; máximo = $50,000. | C8: Muestra los extremos salariales observados entre las personas ocupadas. | D8: Mínimo / máximo
A9: 6. ¿Cuál es el rango de salarios? | B9: Rango = $46,300. | C9: Es la distancia entre el salario más bajo y el más alto de la muestra. | D9: Rango
A10: 7. ¿Qué tan dispersos son los salarios? Interpreta la desviación estándar. | B10: Desviación estándar = $7,381.61. | C10: Indica cuánto tienden a alejarse los salarios de su promedio; una cifra grande implica mayor dispersión. | D10: Desviación estándar
A11: 8. ¿Qué porcentaje de la muestra está empleada, desempleada o trabaja por cuenta propia? | B11: Formal: 25%; Informal: 30%; Independiente: 6%; Desempleado: 39% (de 100 personas). | C11: Permite describir cómo se distribuye la situación laboral de la muestra. | D11: Frecuencia
A12: 9. ¿Qué porcentaje de la muestra tiene empleo formal? | B12: 25.0% de la muestra tiene empleo formal. | C12: Representa la proporción de personas clasificadas como empleadas formales. | D12: Frecuencia relativa
A13: 10. ¿Cuántas personas tienen hasta 2 años de experiencia? | B13: 41 personas tienen hasta 2 años de experiencia. | C13: Es la cantidad de observaciones acumuladas hasta 2 años de experiencia. | D13: Frecuencia acumulada
A14: 11. ¿Qué porcentaje de personas gana hasta $15,000 mensuales? | B14: 33.0% de la muestra gana hasta $15,000 mensuales. | C14: Permite identificar qué proporción se encuentra dentro de ese límite salarial. | D14: Frecuencia relativa
... A18: 15. ¿Se observa alguna tendencia entre experiencia laboral y salario? | B18: La gráfica de dispersión permite observar visualmente si mayores años de experiencia tienden a acompañarse de mayores salarios. | C18: Es una observación visual; no implica por sí sola causalidad ni una correlación calculada. | D18: Dispersión
A21: Nota docente
A22: Las respuestas numéricas corresponden a esta versión de la base simulada. Si los alumnos cambian los datos, deben recalcular e interpretar nuevamente.
